,tfidf_kmeans,tfidf_dbscan,tfidf_hdbscan,fasttext_kmeans,fasttext_dbscan,fasttext_hdbscan,minilm_kmeans,minilm_dbscan,minilm_hdbscan
nmi,0.3803958071726521,0.0013914345060843166,0.027164823992746553,0.027614502208219593,0.005106750352075419,0.007265644028197279,0.5305570586661208,0.0011313770578576636,0.011453490635426182
ari,0.19565118335135612,0.0014829512810601618,0.0026269018428697545,0.025975563623044824,0.0008220257092663366,0.0028273897590232718,0.5320249314860371,0.001251644821141268,0.006531611977913838
silhouette,0.008370605109752731,-0.2454579943214587,-0.23751560804253782,0.12233805097115519,0.5652939281030908,0.46781482777669475,0.07202129811048508,0.048239003866910934,0.0311097651720047
calinski,10.595697257452418,1.0787821794433734,4.767150550342565,242.5436908399331,66.29211635143768,188.0217148868813,85.40973412924563,61.77382250830531,24.581590268403357
